ID,CODE,ORDER_CODE,MEDICAL_NUMBER,MUTANT_GENES,OTHER_NAME,MUTATION_POSITION,COPY_NUMBER_VARATION,COPY_NUMBER_VARATION_EXON,COPY_VARATION_RATIO,MUTATION_CLASS,RELATED_MUTATION,RELATED_CHEMOTHERAPY
,P16062421323,,,GSTM1,,,双拷贝数缺失,,.,SNP,,
,F16062421324,,,MYC,,,基因扩增,,4.5,CNV,,
,P16062721334,,,GSTM1,,,双拷贝数缺失,,.,SNP,,
,P16062721373,,,GSTT1,,,双拷贝数缺失,,.,SNP,,
,P16062721378,,,GSTT1,,,双拷贝数缺失,,.,SNP,,
,P16062020894,,,GSTM1,,,双拷贝数缺失,,.,SNP,,
,F16062721338,,,SOX2,,,基因扩增,,2.06,CNV,,
,P16062721342,,,GSTT1,,,双拷贝数缺失,,.,SNP,,
,P16062721342,,,CCND1,,,基因扩增,,2.058,CNV,,
,P16062721342,,,FGF19,,,基因扩增,,2.49333333333,CNV,,
,F16062721345,,,CCND1,,,基因扩增,,7.892,CNV,,
,F16062721345,,,FGF19,,,基因扩增,,5.83666666667,CNV,,
,F16062721345,,,MYC,,,基因扩增,,1.77666666667,CNV,,
,F16062721345,,,MDM2,,,基因扩增,,2.75818181818,CNV,,
,F16062721343,,,PIK3R2,,,基因扩增,,9.71066666667,CNV,,
,F16062721343,,,JAK3,,,基因扩增,,6.02304347826,CNV,,
,F16062721343,,,RB1,,,单拷贝数缺失,,0.56,CNV,,
,F16062721343,,,CCND1,,,基因扩增,,6.624,CNV,,
,F16062721343,,,FGF19,,,基因扩增,,5.13333333333,CNV,,
,F16062721343,,,MYC,,,基因扩增,,3.96333333333,CNV,,
,F16062721344,,,CCND1,,,基因扩增,,6.05,CNV,,
,F16062721344,,,FGF19,,,基因扩增,,5.45333333333,CNV,,
,F16062721344,,,MYC,,,基因扩增,,1.82333333333,CNV,,
,F16062721344,,,MDM2,,,基因扩增,,2.31636363636,CNV,,
,F16062721344,,,FLT3,,,基因扩增,,3.29916666667,CNV,,
,T16062721349,,,RICTOR,,,基因扩增,,2.03641025641,CNV,,
,T16062721349,,,IL7R,,,基因扩增,,1.9425,CNV,,
,T16062721349,,,BRAF,,,基因扩增,,1.88352941176,CNV,,
,T16062721349,,,HGF,,,基因扩增,,1.89105263158,CNV,,
,P16062721390,,,GSTM1,,,双拷贝数缺失,,.,SNP,,
,F16062721355,,,CCNE1,,,基因扩增,,8.22727272727,CNV,,
,F16062721355,,,PRKACA,,,基因扩增,,2.71,CNV,,
,P16062721358,,,GSTM1,,,双拷贝数缺失,,.,SNP,,
,P16062721358,,,GSTT1,,,双拷贝数缺失,,.,SNP,,
,P16062721358,,,EGFR,,,基因扩增,,2.04866666667,CNV,,
,F16062721359,,,EGFR,,,基因扩增,,16.2716666667,CNV,,
,P16062721358,,,NKX2-1,,,基因扩增,,1.33666666667,CNV,,
,F16062721359,,,NKX2-1,,,基因扩增,,12.72,CNV,,
,P16062721361,,,GSTM1,,,双拷贝数缺失,,.,SNP,,
,F16062721394,,,RB1,,,单拷贝数缺失,,0.5075,CNV,,
,P16062721398,,,GSTM1,,,双拷贝数缺失,,.,SNP,,
,P16062721398,,,GSTT1,,,双拷贝数缺失,,.,SNP,,
,P16062721415,,,PDGFRB,,,基因扩增,,2.33454545455,CNV,,
,P16062721415,,,KRAS,,,基因扩增,,1.994,CNV,,
,HB16062721482,,,GSTM1,,,双拷贝数缺失,,.,SNP,,
,P16062721476,,,GSTM1,,,双拷贝数缺失,,,SNP,,
,P16062721476,,,GSTT1,,,双拷贝数缺失,,,SNP,,
,P16062721476,,,AKT3,,,基因扩增,,2.116428571,CNV,,
,P16062721457,,,GSTM1,,,双拷贝数缺失,,.,SNP,,
,P16062721467,,,GSTM1,,,双拷贝数缺失,,.,SNP,,
,P16062721467,,,GSTT1,,,双拷贝数缺失,,.,SNP,,
,F16062721468,,,MET,,,基因扩增,,4.9585,CNV,,
,F16062721468,,,MYC,,,基因扩增,,3.18,CNV,,
,P16062721467,,,MET,,,基因扩增,,1.8475,CNV,,
,P16062721479,,,GSTM1,,,双拷贝数缺失,,.,SNP,,
,P16062721479,,,GSTT1,,,双拷贝数缺失,,.,SNP,,
,P16061720754,,,GSTM1,,,双拷贝数缺失,,.,SNP,,
,T16061720755,,,MDM2,,,基因扩增,,6.86636363636,CNV,,
,T16061720755,,,CDK4,,,基因扩增,,5.62,CNV,,
,T16061720755,,,MCL1,,,基因扩增,,4.57666666667,CNV,,
