ID,CODE,ORDER_CODE,MEDICAL_NUMBER,MUTANT_GENES,OTHER_NAME,TRANSCRIPT,MUTANT_GENE,AMINO_ACID_MUTATION,BASE_MUTATION,REFERENCE_BASE,MUTANT_BASE,MUTATION_START_POSITION,MUTATION_STOP_POSITION,MUTATION_CLASS,MUTATION_TYPE,MUTATION_STATUS,MUTATIN_ABUNDANCE,RELATED_MUTATION,RELATED_CHEMOTHERAPY
,P16062421323,,,CYP2D6,,,exon1,,,G,A,chr22:42526694,chr22:42526694,SNP,missense_variant,,.,,
,P16062421323,,,CYP3A5,,,intron3,,,C,T,chr7:99270539,chr7:99270539,SNP,intron_variant,,.,,
,P16062421323,,,DPYD,,,exon2,,,G,A,chr1:98348885,chr1:98348885,SNP,missense_variant,,.,,
,P16062421323,,,DPYD,,,exon13,,,T,C,chr1:97981395,chr1:97981395,SNP,missense_variant,,.,,
,P16062421323,,,ERCC1,,,exon3,,,A,G,chr19:45923653,chr19:45923653,SNP,synonymous_variant,,.,,
,P16062421323,,,MTHFR,,,exon5,,,G,A,chr1:11856378,chr1:11856378,SNP,missense_variant,,.,,
,P16062421323,,,NQO1,,,exon6,,,G,A,chr16:69745145,chr16:69745145,SNP,missense_variant,,.,,
,P16062421323,,,XRCC1,,,exon10,,,T,C,chr19:44055726,chr19:44055726,SNP,missense_variant,,.,,
,P16062421323,,,EGFR,,,exon21,,,T,G,chr7:55259515,chr7:55259515,Mutant,missense_variant,,0.002881844380403458,,
,P16062421323,,,EGFR,,,exon15,,,A,G,chr7:55233057,chr7:55233057,Mutant,missense_variant,,0.004471771939631079,,
,F16062421324,,,EGFR,,,exon21,,,T,G,chr7:55259515,chr7:55259515,Mutant,missense_variant,,0.36,,
,F16062421324,,,EGFR,,,exon15,,,A,G,chr7:55233057,chr7:55233057,Mutant,missense_variant,,0.34,,
,F16062421324,,,RB1,,,exon19,,,TGCAG,-,chr13:49030406,chr13:49030410,Mutant,frameshift_variant,,0.1,,
,F16062421324,,,TP53,,,exon5,,,T,-,chr17:7578442,chr17:7578442,Mutant,frameshift_variant,,0.15,,
,P16062421323,,,TP53,,,exon5,,,T,-,chr17:7578442,chr17:7578442,Mutant,frameshift_variant,,0.005,,
,F16062421324,,,TSC1,,,exon9,,,T,C,chr9:135787692,chr9:135787692,Mutant,missense_variant,,,,
,P16062721334,,,CDA,,,exon1,,,A,C,chr1:20915701,chr1:20915701,SNP,missense_variant,,.,,
,P16062721334,,,CYP2D6,,,exon1,,,G,A,chr22:42526694,chr22:42526694,SNP,missense_variant,,.,,
,P16062721334,,,CYP3A5,,,intron3,,,C,T,chr7:99270539,chr7:99270539,SNP,intron_variant,,.,,
,P16062721334,,,DPYD,,,exon18,,,C,T,chr1:97770920,chr1:97770920,SNP,missense_variant,,.,,
,P16062721334,,,ERCC1,,,exon3,,,A,G,chr19:45923653,chr19:45923653,SNP,synonymous_variant,,.,,
,P16062721334,,,MTHFR,,,exon5,,,G,A,chr1:11856378,chr1:11856378,SNP,missense_variant,,.,,
,P16062721334,,,NQO1,,,exon6,,,G,A,chr16:69745145,chr16:69745145,SNP,missense_variant,,.,,
,P16062721334,,,TYMS,,,,,,.,.,.,.,SNP,.,,.,,
,P16062721334,,,TYMS,,,,,,.,.,.,.,SNP,.,,.,,
,P16062721334,,,XRCC1,,,exon10,,,T,C,chr19:44055726,chr19:44055726,SNP,missense_variant,,.,,
,P16062721334,,,MTOR,,,exon24,,,T,C,chr1:11270938,chr1:11270938,Mutant,missense_variant,,0.02,,
,P16062721334,,,TET2,,,exon3,,,C,A,chr4:106157780,chr4:106157780,Mutant,stop_gained,,0.01,,
,F16062721335,,,MTOR,,,exon24,,,T,C,chr1:11270938,chr1:11270938,Mutant,missense_variant,,0.02,,
,F16062721335,,,STK11,,,exon1,,,-,GG,chr19:1207076,chr19:1207077,Mutant,frameshift_variant,,0.02,,
,P16062721373,,,ERCC1,,,exon3,,,A,G,chr19:45923653,chr19:45923653,SNP,synonymous_variant,,.,,
,P16062721373,,,GSTP1,,,exon5,,,A,G,chr11:67352689,chr11:67352689,SNP,missense_variant,,.,,
,P16062721373,,,MTHFR,,,exon5,,,G,A,chr1:11856378,chr1:11856378,SNP,missense_variant,,.,,
,P16062721373,,,NQO1,,,exon6,,,G,A,chr16:69745145,chr16:69745145,SNP,missense_variant,,.,,
,P16062721373,,,STK11,,,exon8,,,C,G,chr19:1223125,chr19:1223125,SNP,missense_variant,,.,,
,P16062721373,,,UGT1A1,,,exon1,,,G,A,chr2:234669144,chr2:234669144,SNP,missense_variant,,.,,
,P16062721373,,,XRCC1,,,exon10,,,T,C,chr19:44055726,chr19:44055726,SNP,missense_variant,,.,,
,F16062821550,,,EGFR,,,exon19,,,GGAATTAAGAGAAGC,-,chr7:55242465,chr7:55242479,Mutant,inframe_deletion,,0.06,,
,F16062821550,,,PTEN,,,exon7,,,C,-,chr10:89717717,chr10:89717717,Mutant,frameshift_variant,,0.07,,
,P16062721378,,,CYP2D6,,,exon1,,,G,A,chr22:42526694,chr22:42526694,SNP,missense_variant,,.,,
,P16062721378,,,CYP3A5,,,intron3,,,C,T,chr7:99270539,chr7:99270539,SNP,intron_variant,,.,,
,P16062721378,,,DPYD,,,exon13,,,T,C,chr1:97981395,chr1:97981395,SNP,missense_variant,,.,,
,P16062721378,,,NQO1,,,exon6,,,G,A,chr16:69745145,chr16:69745145,SNP,missense_variant,,.,,
,P16062721378,,,XRCC1,,,exon10,,,T,C,chr19:44055726,chr19:44055726,SNP,missense_variant,,.,,
,F16062721379,,,AXIN2,,,exon8,,,C,-,chr17:63532585,chr17:63532585,Mutant,frameshift_variant,,0.09,,
,F16062721379,,,CHEK1,,,exon7,,,A,-,chr11:125505378,chr11:125505378,Mutant,frameshift_variant,,0.11,,
,F16062721379,,,CREBBP,,,exon31,,,G,-,chr16:3779211,chr16:3779211,Mutant,frameshift_variant,,0.17,,
,F16062721379,,,GNAS,,,exon8,,,C,T,chr20:57484420,chr20:57484420,Mutant,missense_variant,,0.09,,
,F16062721379,,,HDAC2,,,exon1,,,T,-,chr6:114292040,chr6:114292040,Mutant,frameshift_variant,,0.12,,
,F16062721379,,,KMT2B,,,exon3,,,-,C,chr19:36211898,chr19:36211899,Mutant,frameshift_variant,,0.1,,
,F16062721379,,,MLH3,,,exon2,,,T,-,chr14:75514604,chr14:75514604,Mutant,frameshift_variant,,0.09,,
,F16062721379,,,MSH6,,,exon5,,,-,C,chr2:48030639,chr2:48030640,Mutant,frameshift_variant,,0.14,,
,F16062721379,,,NOTCH1,,,exon34,,,G,-,chr9:139390736,chr9:139390736,Mutant,frameshift_variant,,0.11,,
,F16062721379,,,PBRM1,,,exon12,,,-,T,chr3:52668670,chr3:52668671,Mutant,frameshift_variant,,0.14,,
,F16062721379,,,PBRM1,,,exon15,,,CT,-,chr3:52651437,chr3:52651438,Mutant,frameshift_variant,,0.1,,
,F16062721379,,,PIK3CA,,,exon10,,,A,G,chr3:178936092,chr3:178936092,Mutant,missense_variant,,0.13,,
,F16062721379,,,POLD1,,,exon17,,,C,T,chr19:50912834,chr19:50912834,Mutant,missense_variant,,0.11,,
,F16062721379,,,PRKAR1A,,,exon3,,,C,T,chr17:66519005,chr17:66519005,Mutant,stop_gained,,0.1,,
,F16062721379,,,PTEN,,,exon7,,,C,T,chr10:89717672,chr10:89717672,Mutant,stop_gained,,0.09,,
,F16062721379,,,PTEN,,,exon7,,,A,-,chr10:89717770,chr10:89717770,Mutant,frameshift_variant,,0.08,,
,F16062721379,,,QKI,,,exon3,,,A,-,chr6:163899920,chr6:163899920,Mutant,frameshift_variant,,0.07,,
,F16062721379,,,RAD50,,,exon13,,,AA,-,chr5:131931452,chr5:131931453,Mutant,frameshift_variant,,0.13,,
,F16062721379,,,RNF43,,,exon3,,,G,-,chr17:56448298,chr17:56448298,Mutant,frameshift_variant,,0.09,,
,F16062721379,,,RNF43,,,exon8,,,G,-,chr17:56437531,chr17:56437531,Mutant,frameshift_variant,,0.09,,
,F16062721379,,,TGFBR2,,,exon3,,,A,-,chr3:30691872,chr3:30691872,Mutant,frameshift_variant,,0.16,,
,P16062020894,,,CYP2D6,,,exon1,,,G,A,chr22:42526694,chr22:42526694,SNP,missense_variant,,.,,
,P16062020894,,,CYP3A5,,,,,,C,C,chr7:99270539,chr7:99270539,SNP,intron_variant,,.,,
,P16062020894,,,DPYD,,,exon2,,,G,A,chr1:98348885,chr1:98348885,SNP,missense_variant,,.,,
,P16062020894,,,ERCC1,,,exon3,,,A,G,chr19:45923653,chr19:45923653,SNP,synonymous_variant,,.,,
,P16062020894,,,NQO1,,,exon6,,,G,A,chr16:69745145,chr16:69745145,SNP,missense_variant,,.,,
,P16062020894,,,NQO1,,,exon4,,,G,A,chr16:69748869,chr16:69748869,SNP,missense_variant;splice_region_variant,,.,,
,P16062020894,,,TYMS,,,exon7,,,TTAAAG,-,chr18:673444,chr18:673449,SNP,3_prime_UTR_variant,,.,,
,P16062020894,,,UGT1A1,,,exon1,,,G,A,chr2:234669144,chr2:234669144,SNP,missense_variant,,.,,
,P16062020894,,,XRCC1,,,exon10,,,T,C,chr19:44055726,chr19:44055726,SNP,missense_variant,,.,,
,P16062020894,,,TYMS,,,,,,.,.,.,.,SNP,.,,.,,
,P16062721337,,,CDA,,,exon1,,,A,C,chr1:20915701,chr1:20915701,SNP,missense_variant,,.,,
,P16062721337,,,CYP2D6,,,exon1,,,G,A,chr22:42526694,chr22:42526694,SNP,missense_variant,,.,,
,P16062721337,,,ERCC1,,,exon3,,,A,G,chr19:45923653,chr19:45923653,SNP,synonymous_variant,,.,,
,P16062721337,,,MTHFR,,,exon5,,,G,A,chr1:11856378,chr1:11856378,SNP,missense_variant,,.,,
,P16062721337,,,NQO1,,,exon6,,,G,A,chr16:69745145,chr16:69745145,SNP,missense_variant,,.,,
,P16062721337,,,XRCC1,,,exon10,,,T,C,chr19:44055726,chr19:44055726,SNP,missense_variant,,.,,
,P16062721337,,,TYMS,,,exon7,,,TTAAAG,-,chr18:673444,chr18:673449,SNP,3_prime_UTR_variant,,.,,
,P16062721337,,,TYMS,,,,,,,,,,SNP,,,,,
,F16062721338,,,EGFR,,,exon19,,,GGAATTAAGAGAAGC,-,chr7:55242465,chr7:55242479,Mutant,inframe_deletion,,0.2135,,
,F16062721338,,,TP53,,,exon7,,,TGTAGTGG,-,chr17:7577578,chr17:7577585,Mutant,frameshift_variant,,0.1284,,
,P16062721337,,,TET2,,,exon3,,,C,T,chr4:106157275,chr4:106157275,Mutant,stop_gained,,0.03,,
,F16062721338,,,TET2,,,exon3,,,C,T,chr4:106157275,chr4:106157275,Mutant,stop_gained,,0.02,,
,P16062721342,,,CYP2D6,,,exon1,,,G,A,chr22:42526694,chr22:42526694,SNP,missense_variant,,.,,
,P16062721342,,,CYP3A5,,,intron3,,,C,T,chr7:99270539,chr7:99270539,SNP,intron_variant,,.,,
,P16062721342,,,DPYD,,,exon2,,,G,A,chr1:98348885,chr1:98348885,SNP,missense_variant,,.,,
,P16062721342,,,DPYD,,,exon13,,,T,C,chr1:97981395,chr1:97981395,SNP,missense_variant,,.,,
,P16062721342,,,DPYD,,,exon18,,,C,T,chr1:97770920,chr1:97770920,SNP,missense_variant,,.,,
,P16062721342,,,ERCC2,,,exon23,,,T,G,chr19:45854919,chr19:45854919,SNP,missense_variant,,.,,
,P16062721342,,,MTHFR,,,exon5,,,G,A,chr1:11856378,chr1:11856378,SNP,missense_variant,,.,,
,P16062721342,,,UGT1A1,,,,,,-,AT,chr2:234668879,chr2:234668880,SNP,upstream_gene_variant,,.,,
,P16062721342,,,XRCC1,,,exon10,,,T,C,chr19:44055726,chr19:44055726,SNP,missense_variant,,.,,
,P16062721342,,,TP53,,,exon7,,,A,G,chr17:7577581,chr17:7577581,Mutant,missense_variant,,0.03,,
,F16062721343,,,TP53,,,exon7,,,A,G,chr17:7577581,chr17:7577581,Mutant,missense_variant,,0.52,,
,F16062721344,,,TP53,,,exon7,,,A,G,chr17:7577581,chr17:7577581,Mutant,missense_variant,,0.29,,
,F16062721345,,,TP53,,,exon7,,,A,G,chr17:7577581,chr17:7577581,Mutant,missense_variant,,0.52,,
,P16062721342,,,PIK3CA,,,exon21,,,A,G,chr3:178952085,chr3:178952085,Mutant,missense_variant,,0.08,,
,F16062721343,,,PIK3CA,,,exon21,,,A,G,chr3:178952085,chr3:178952085,Mutant,missense_variant,,0.56,,
,F16062721344,,,PIK3CA,,,exon21,,,A,G,chr3:178952085,chr3:178952085,Mutant,missense_variant,,0.2,,
,F16062721345,,,PIK3CA,,,exon21,,,A,G,chr3:178952085,chr3:178952085,Mutant,missense_variant,,0.29,,
,P16062721348,,,BRAF,,,exon6,,,C,G,chr7:140501279,chr7:140501279,Mutant,missense_variant,,0.002,,
,T16062721349,,,BRAF,,,exon6,,,C,G,chr7:140501279,chr7:140501279,Mutant,missense_variant,,0.4,,
,P16062721390,,,ADH1B,,,exon3,,,C,het,chr4:100239319,T,SNP,.,,.,,
,P16062721390,,,ALDH2,,,exon11,,,A,het,chr12:112241766,G,SNP,.,,.,,
,P16062721390,,,BRCA2,,,exon10,,,A,C,chr13:32906729,chr13:32906729,SNP,missense_variant,,.,,
,P16062721390,,,DPYD,,,exon13,,,T,C,chr1:97981395,chr1:97981395,SNP,missense_variant,,.,,
,P16062721390,,,EGFR,,,exon13,,,G,A,chr7:55229255,chr7:55229255,SNP,missense_variant,,.,,
,P16062721390,,,ERBB2,,,exon17,,,A,G,chr17:37879588,chr17:37879588,SNP,missense_variant,,.,,
,P16062721390,,,ERBB2,,,exon27,,,C,G,chr17:37884037,chr17:37884037,SNP,missense_variant,,.,,
,P16062721390,,,ERCC1,,,exon3,,,A,G,chr19:45923653,chr19:45923653,SNP,synonymous_variant,,.,,
,P16062721390,,,FGFR4,,,exon9,,,G,A,chr5:176520243,chr5:176520243,SNP,missense_variant,,.,,
,P16062721390,,,MTHFR,,,exon5,,,G,A,chr1:11856378,chr1:11856378,SNP,missense_variant,,.,,
,P16062721390,,,TP53,,,exon4,,,G,C,chr17:7579472,chr17:7579472,SNP,missense_variant,,.,,
,P16062721390,,,TYMS,,,exon7,,,TTAAAG,-,chr18:673444,chr18:673449,SNP,3_prime_UTR_variant,,.,,
,P16062721390,,,UGT1A1,,,exon1,,,G,A,chr2:234669144,chr2:234669144,SNP,missense_variant,,.,,
,P16062721390,,,XRCC1,,,exon10,,,T,C,chr19:44055726,chr19:44055726,SNP,missense_variant,,.,,
,P16062721390,,,UGT1A1,,,,,,.,.,.,.,SNP,.,,.,,
,P16062721390,,,TYMS,,,,,,.,.,.,.,SNP,.,,.,,
,P16062721390,,,CYP3A5,,,,,,.,.,.,.,SNP,.,,.,,
,P16062721390,,,CDKN2B,,,,,,C,T,chr9:22006224,chr9:22006224,Germline,.,,.,,
,P16062721390,,,NOTCH2,,,,,,C,A,chr1:120612014,chr1:120612014,Mutant,.,,0.08,,
,P16062721390,,,DNMT3A,,,,,,A,C,chr2:25463576,chr2:25463576,Mutant,.,,0.27,,
,P16062721390,,,EGFR,,,exon19,,,ATTAAGAGAAGC,-,chr7:55242468,chr7:55242468,Mutant,.,,0.002,,
,P16062721390,,,EGFR,,,exon19,,,A,C,chr7:55242481,chr7:55242481,Mutant,.,,0.002,,
,P16062721390,,,TET2,,,exon10,,,C,T,chr4:106193748,chr4:106193748,Mutant,.,,0.002,,
,P16062721390,,,TP53,,,exon4,,,T,-,chr17:7577057,chr17:7577057,Mutant,.,,0.003,,
,P16062721390,,,DNMT3A,,,exon3,,,T,-,chr2:25471048,chr2:25471048,Mutant,.,,0.004,,
,P16062721390,,,TET2,,,exon7,,,-,G,chr4:106180783,chr4:106180784,Mutant,frameshift_variant,,0.01,,
,P16062721473,,,CYP2D6,,,exon1,,,G,A,chr22:42526694,chr22:42526694,SNP,missense_variant,,.,,
,P16062721473,,,DPYD,,,exon13,,,T,C,chr1:97981395,chr1:97981395,SNP,missense_variant,,.,,
,P16062721473,,,GSTP1,,,exon5,,,A,G,chr11:67352689,chr11:67352689,SNP,missense_variant,,.,,
,P16062721473,,,NQO1,,,exon6,,,G,A,chr16:69745145,chr16:69745145,SNP,missense_variant,,.,,
,P16062721473,,,XRCC1,,,exon10,,,T,C,chr19:44055726,chr19:44055726,SNP,missense_variant,,.,,
,P16062721473,,,EGFR,,,exon19,,,AATTAAGAGAAGCAA,-,chr7:55242467,chr7:55242481,Mutant,inframe_deletion,,0.07,,
,P16062721473,,,EGFR,,,exon20,,,C,T,chr7:55249071,chr7:55249071,Mutant,missense_variant,,0.02,,
,P16062721473,,,TP53,,,exon4,,,G,A,chr17:7579377,chr17:7579377,Mutant,stop_gained,,0.04,,
,P16062721473,,,SMAD4,,,exon12,,,G,T,chr18:48604655,chr18:48604655,Mutant,missense_variant,,0.02,,
,P16062721354,,,TYMS,,,,,,.,.,.,.,SNP,.,,.,,
,P16062721354,,,CYP3A5,,,intron3,,,C,T,chr7:99270539,chr7:99270539,SNP,intron_variant,,.,,
,P16062721354,,,MTHFR,,,exon5,,,G,A,chr1:11856378,chr1:11856378,SNP,missense_variant,,.,,
,P16062721354,,,UGT1A1,,,exon1,,,G,A,chr2:234669144,chr2:234669144,SNP,missense_variant,,.,,
,P16062721354,,,UGT1A1,,,,,,-,AT,chr2:234668879,chr2:234668880,SNP,upstream_gene_variant,,.,,
,P16062721354,,,TYMS,,,exon7,,,TTAAAG,-,chr18:673444,chr18:673449,SNP,3_prime_UTR_variant,,.,,
,P16062721354,,,PPP2R1A,,,exon5,,,C,G,chr19:52715971,chr19:52715971,Mutant,missense_variant,,0.0038,,
,F16062721355,,,PPP2R1A,,,exon5,,,C,G,chr19:52715971,chr19:52715971,Mutant,missense_variant,,0.4486,,
,P16062721354,,,TP53,,,exon7,,,C,T,chr17:7577548,chr17:7577548,Mutant,missense_variant,,0.0033,,
,F16062721355,,,TP53,,,exon7,,,C,T,chr17:7577548,chr17:7577548,Mutant,missense_variant,,0.3498,,
,P16062721354,,,TP53,,,exon7,,,TGA,-,chr17:7577515,chr17:7577517,Mutant,inframe_deletion,,0.0113,,
,F16062721355,,,TP53,,,exon7,,,TGA,-,chr17:7577515,chr17:7577517,Mutant,inframe_deletion,,0.2932,,
,P16062721358,,,CYP2D6,,,exon1,,,G,A,chr22:42526694,chr22:42526694,SNP,missense_variant,,.,,
,P16062721358,,,CYP3A5,,,intron3,,,C,T,chr7:99270539,chr7:99270539,SNP,intron_variant,,.,,
,P16062721358,,,DPYD,,,exon2,,,G,A,chr1:98348885,chr1:98348885,SNP,missense_variant,,.,,
,P16062721358,,,ERCC1,,,exon3,,,A,G,chr19:45923653,chr19:45923653,SNP,synonymous_variant,,.,,
,P16062721358,,,GSTP1,,,exon5,,,A,G,chr11:67352689,chr11:67352689,SNP,missense_variant,,.,,
,P16062721358,,,MTHFR,,,exon5,,,G,A,chr1:11856378,chr1:11856378,SNP,missense_variant,,.,,
,P16062721358,,,UGT1A1,,,exon1,,,G,A,chr2:234669144,chr2:234669144,SNP,missense_variant,,.,,
,P16062721358,,,EGFR,,,exon19,,,TAAGAGAAGCAACATCTC,-,chr7:55242470,chr7:55242487,Mutant,inframe_deletion,,0.2986,,
,F16062721359,,,EGFR,,,exon19,,,TAAGAGAAGCAACATCTC,-,chr7:55242470,chr7:55242487,Mutant,inframe_deletion,,0.964,,
,P16062721358,,,TP53,,,exon8,,,G,A,chr17:7577094,chr17:7577094,Mutant,missense_variant,,0.0209,,
,F16062721359,,,TP53,,,exon8,,,G,A,chr17:7577094,chr17:7577094,Mutant,missense_variant,,0.64,,
,P16062721361,,,CYP3A5,,,,,,C,C,chr7:99270539,chr7:99270539,SNP,intron_variant,,.,,
,P16062721361,,,DPYD,,,exon13,,,T,C,chr1:97981395,chr1:97981395,SNP,missense_variant,,.,,
,P16062721361,,,ERCC1,,,exon3,,,A,G,chr19:45923653,chr19:45923653,SNP,synonymous_variant,,.,,
,P16062721361,,,GSTP1,,,exon5,,,A,G,chr11:67352689,chr11:67352689,SNP,missense_variant,,.,,
,P16062721361,,,MTHFR,,,exon5,,,G,A,chr1:11856378,chr1:11856378,SNP,missense_variant,,.,,
,P16062721361,,,TYMS,,,exon7,,,TTAAAG,-,chr18:673444,chr18:673449,SNP,3_prime_UTR_variant,,.,,
,P16062721361,,,UGT1A1,,,exon1,,,G,A,chr2:234669144,chr2:234669144,SNP,missense_variant,,.,,
,P16062721361,,,XRCC1,,,exon10,,,T,C,chr19:44055726,chr19:44055726,SNP,missense_variant,,.,,
,P16062721361,,,STK11,,,exon8,,,C,G,chr19:1223125,chr19:1223125,Germline,missense_variant,,.,,
,P16062721361,,,KRAS,,,exon2,,,C,T,chr12:25398284,chr12:25398284,Mutant,missense_variant,,0.2265,,
,P16062721361,,,GNAS,,,exon8,,,C,T,chr20:57484420,chr20:57484420,Mutant,missense_variant,,0.219,,
,P16062721361,,,ARID1A,,,exon20,,,A,T,chr1:27105820,chr1:27105820,Mutant,stop_gained,,0.2741,,
,P16062721361,,,CCND1,,,exon5,,,C,G,chr11:69466019,chr11:69466019,Mutant,missense_variant,,0.1955,,
,P16062721361,,,FBXW7,,,exon9,,,C,T,chr4:153249384,chr4:153249384,Mutant,missense_variant,,0.1917,,
,F16062721394,,,KRAS,,,exon2,,,C,A,chr12:25398285,chr12:25398285,Mutant,missense_variant,,0.1277,,
,P16062721398,,,CYP3A5,,,,,,C,C,chr7:99270539,chr7:99270539,SNP,intron_variant,,.,,
,P16062721398,,,ERCC1,,,exon3,,,A,G,chr19:45923653,chr19:45923653,SNP,synonymous_variant,,.,,
,P16062721398,,,GSTP1,,,exon5,,,A,G,chr11:67352689,chr11:67352689,SNP,missense_variant,,.,,
,P16062721398,,,MTHFR,,,exon5,,,G,A,chr1:11856378,chr1:11856378,SNP,missense_variant,,.,,
,P16062721398,,,NQO1,,,exon6,,,G,A,chr16:69745145,chr16:69745145,SNP,missense_variant,,.,,
,P16062721398,,,XRCC1,,,exon10,,,T,C,chr19:44055726,chr19:44055726,SNP,missense_variant,,.,,
,P16062721398,,,TP53,,,exon8,,,C,G,chr17:7577099,chr17:7577099,Mutant,missense_variant,,0.0111,,
,P16062721369,,,CYP2D6,,,exon1,,,G,A,chr22:42526694,chr22:42526694,SNP,missense_variant,,.,,
,P16062721369,,,CYP3A5,,,intron3,,,C,T,chr7:99270539,chr7:99270539,SNP,intron_variant,,.,,
,P16062721369,,,GSTP1,,,exon5,,,A,G,chr11:67352689,chr11:67352689,SNP,missense_variant,,.,,
,P16062721369,,,NQO1,,,exon6,,,G,A,chr16:69745145,chr16:69745145,SNP,missense_variant,,.,,
,P16062721369,,,XRCC1,,,exon10,,,T,C,chr19:44055726,chr19:44055726,SNP,missense_variant,,.,,
,P16062721369,,,TET2,,,exon3,,,-,T,chr4:106155139,chr4:106155140,Mutant,frameshift_variant,,0.02,,
,T16062721370,,,TET2,,,exon3,,,-,T,chr4:106155139,chr4:106155140,Mutant,frameshift_variant,,0.02,,
,T16062721370,,,KRAS,,,exon2,,,C,A,chr12:25398284,chr12:25398284,Mutant,missense_variant,,0.01,,
,P16062721404,,,EGFR,,,exon19,,,TAAGAGAAGCAACATCTC,-,"chr7:55,242,430-55,242,509","chr7:55,242,447-55,242,526",Mutant,inframe_deletion,,0.001,,
,F16062721405,,,EGFR,,,exon19,,,TAAGAGAAGCAACATCTC,-,"chr7:55,242,430-55,242,509","chr7:55,242,447-55,242,526",Mutant,inframe_deletion,,0.04,,
,P16062721415,,,TYMS,,,exon7,,,TTAAAG,-,chr18:673444,chr18:673449,SNP,3_prime_UTR_variant,,.,,
,P16062721415,,,CDA,,,exon1,,,A,C,chr1:20915701,chr1:20915701,SNP,missense_variant,,.,,
,P16062721415,,,CYP2D6,,,exon1,,,G,A,chr22:42526694,chr22:42526694,SNP,missense_variant,,.,,
,P16062721415,,,DPYD,,,exon13,,,T,C,chr1:97981395,chr1:97981395,SNP,missense_variant,,.,,
,P16062721415,,,GSTP1,,,exon5,,,A,G,chr11:67352689,chr11:67352689,SNP,missense_variant,,.,,
,P16062721415,,,NQO1,,,exon6,,,G,A,chr16:69745145,chr16:69745145,SNP,missense_variant,,.,,
,P16062721415,,,UGT1A1,,,,,,-,AT,chr2:234668879,chr2:234668880,SNP,upstream_gene_variant,,.,,
,P16062721415,,,EGFR,,,exon21,,,T,G,chr7:55259515,chr7:55259515,Mutant,missense_variant,,0.3,,
,P16062721415,,,EGFR,,,exon20,,,C,T,chr7:55249071,chr7:55249071,Mutant,missense_variant,,0.01,,
,P16062721415,,,TP53,,,exon7,,,C,T,chr17:7577548,chr17:7577548,Mutant,missense_variant,,0.3,,
,HB16062721482,,,CYP2D6,,,exon1,,,G,A,chr22:42526694,chr22:42526694,SNP,missense_variant,,.,,
,HB16062721482,,,DPYD,,,exon13,,,T,C,chr1:97981395,chr1:97981395,SNP,missense_variant,,.,,
,HB16062721482,,,ERCC1,,,exon3,,,A,G,chr19:45923653,chr19:45923653,SNP,synonymous_variant,,.,,
,HB16062721482,,,GSTP1,,,exon5,,,A,G,chr11:67352689,chr11:67352689,SNP,missense_variant,,.,,
,HB16062721482,,,MTHFR,,,exon5,,,G,A,chr1:11856378,chr1:11856378,SNP,missense_variant,,.,,
,HB16062721482,,,NQO1,,,exon6,,,G,A,chr16:69745145,chr16:69745145,SNP,missense_variant,,.,,
,HB16062721482,,,UGT1A1,,,exon1,,,G,A,chr2:234669144,chr2:234669144,SNP,missense_variant,,.,,
,HB16062721482,,,XRCC1,,,exon10,,,T,C,chr19:44055726,chr19:44055726,SNP,missense_variant,,.,,
,HB16062721482,,,ADH1B,,,exon3,,,T,C,chr4:100239319,chr4:100239319,SNP,missense_variant,,.,,
,HB16062721482,,,BRCA2,,,exon10,,,A,C,chr13:32906729,chr13:32906729,SNP,missense_variant,,.,,
,HB16062721482,,,EGFR,,,exon13,,,G,A,chr7:55229255,chr7:55229255,SNP,missense_variant,,.,,
,HB16062721482,,,FGFR4,,,exon9,,,G,A,chr5:176520243,chr5:176520243,SNP,missense_variant,,.,,
,HB16062721482,,,TP53,,,exon4,,,G,C,chr17:7579472,chr17:7579472,SNP,missense_variant,,.,,
,F16062721410,,,KRAS,,,exon2,,,C,A,chr12:25398285,chr12:25398285,Mutant,missense_variant,,0.17,,
,P16062721409,,,KRAS,,,exon2,,,C,A,chr12:25398285,chr12:25398285,Mutant,missense_variant,,0.07,,
,P16062721476,,,CYP2D6,,,exon1,,,G,A,chr22:42526694,chr22:42526694,SNP,missense_variant,,.,,
,P16062721476,,,CYP3A5,,,,,,C,C,chr7:99270539,chr7:99270539,SNP,intron_variant,,.,,
,P16062721476,,,DPYD,,,exon13,,,T,C,chr1:97981395,chr1:97981395,SNP,missense_variant,,.,,
,P16062721476,,,ERCC1,,,exon3,,,A,G,chr19:45923653,chr19:45923653,SNP,synonymous_variant,,.,,
,P16062721476,,,GSTP1,,,exon5,,,A,G,chr11:67352689,chr11:67352689,SNP,missense_variant,,.,,
,P16062721476,,,MTHFR,,,exon5,,,G,A,chr1:11856378,chr1:11856378,SNP,missense_variant,,.,,
,P16062721476,,,NQO1,,,exon6,,,G,A,chr16:69745145,chr16:69745145,SNP,missense_variant,,.,,
,P16062721476,,,TP53,,,exon7,,,A,G,chr17:7577560,chr17:7577560,Mutant,missense_variant,,0.32,,
,P16062721476,,,PBRM1,,,exon9,,,T,G,chr3:52678788,chr3:52678788,Mutant,missense_variant,,0.19,,
,P16062721476,,,PBRM1,,,exon9,,,T,-,chr3:52678784,chr3:52678784,Mutant,frameshift_variant,,0.19,,
,T16062721477,,,TP53,,,exon7,,,A,G,chr17:7577560,chr17:7577560,Mutant,missense_variant,,0.1463,,
,T16062721477,,,PBRM1,,,exon9,,,T,G,chr3:52678788,chr3:52678788,Mutant,missense_variant,,0.0889,,
,T16062721477,,,PBRM1,,,exon9,,,T,-,chr3:52678784,chr3:52678784,Mutant,frameshift_variant,,0.09,,
,P16062721457,,,CDA,,,exon1,,,A,C,chr1:20915701,chr1:20915701,SNP,missense_variant,,.,,
,P16062721457,,,CYP3A5,,,,,,C,C,chr7:99270539,chr7:99270539,SNP,intron_variant,,.,,
,P16062721457,,,MTHFR,,,exon5,,,G,A,chr1:11856378,chr1:11856378,SNP,missense_variant,,.,,
,P16062721457,,,NQO1,,,exon6,,,G,A,chr16:69745145,chr16:69745145,SNP,missense_variant,,.,,
,P16062721457,,,XRCC1,,,exon10,,,T,C,chr16:69745145,chr19:44055726,SNP,missense_variant,,.,,
,P16062721457,,,TYMS,,,exon7,,,TTAAAG,-,chr18:673444,chr18:673449,SNP,3_prime_UTR_variant,,.,,
,F16062821634,,,TP53,,,exon5,,,C,T,chr17:7578406,chr17:7578406,Mutant,missense_variant,,0.35,,
,P16062721457,,,TP53,,,exon5,,,C,T,chr17:7578406,chr17:7578406,Mutant,missense_variant,,0.11,,
,F16062821634,,,KRAS,,,exon2,,,C,A,chr12:25398284,chr12:25398284,Mutant,missense_variant,,0.31,,
,P16062721457,,,KRAS,,,exon2,,,C,A,chr12:25398284,chr12:25398284,Mutant,missense_variant,,0.09,,
,F16062821634,,,PIK3CA,,,exon10,,,G,A,chr3:178936082,chr3:178936082,Mutant,missense_variant,,0.24,,
,P16062721457,,,PIK3CA,,,exon10,,,G,A,chr3:178936082,chr3:178936082,Mutant,missense_variant,,0.06,,
,F16062821634,,,AMER1,,,exon2,,,G,A,chrX:63411246,chrX:63411246,Mutant,stop_gained,,0.32,,
,P16062721457,,,AMER1,,,exon2,,,G,A,chrX:63411246,chrX:63411246,Mutant,stop_gained,,0.14,,
,F16062821634,,,APC,,,exon16,,,A,-,chr5:112175651,chr5:112175651,Mutant,frameshift_variant,,0.3,,
,P16062721457,,,APC,,,exon16,,,A,-,chr5:112175651,chr5:112175651,Mutant,frameshift_variant,,0.05,,
,P16062721467,,,CDA,,,exon1,,,A,C,chr1:20915701,chr1:20915701,SNP,missense_variant,,.,,
,P16062721467,,,CYP2D6,,,exon1,,,G,A,chr22:42526694,chr22:42526694,SNP,missense_variant,,.,,
,P16062721467,,,ERCC1,,,exon3,,,A,G,chr19:45923653,chr19:45923653,SNP,synonymous_variant,,.,,
,P16062721467,,,GSTP1,,,exon5,,,A,G,chr11:67352689,chr11:67352689,SNP,missense_variant,,.,,
,P16062721467,,,NQO1,,,exon6,,,G,A,chr16:69745145,chr16:69745145,SNP,missense_variant,,.,,
,P16062721467,,,TYMS,,,exon7,,,TTAAAG,-,chr18:673444,chr18:673449,SNP,3_prime_UTR_variant,,.,,
,P16062721467,,,XRCC1,,,exon10,,,T,C,chr19:44055726,chr19:44055726,SNP,missense_variant,,.,,
,P16062721467,,,TYMS,,,,,,.,.,chr18:657685,.,SNP,.,,.,,
,F16062721468,,,STK11,,,exon6,,,C,-,chr19:1221314,chr19:1221314,Mutant,frameshift_variant,,0.32,,
,F16062721468,,,TP53,,,exon6,,,C,A,chr17:7578239,chr17:7578239,Mutant,stop_gained,,0.4607,,
,P16062721467,,,STK11,,,exon6,,,C,-,chr19:1221314,chr19:1221314,Mutant,frameshift_variant,,0.12,,
,P16062721467,,,TP53,,,exon6,,,C,A,chr17:7578239,chr17:7578239,Mutant,stop_gained,,0.19,,
,P16062721479,,,CYP2D6,,,exon1,,,G,A,chr22:42526694,chr22:42526694,SNP,missense_variant,,.,,
,P16062721479,,,DPYD,,,exon13,,,T,C,chr1:97981395,chr1:97981395,SNP,missense_variant,,.,,
,P16062721479,,,ERCC1,,,exon3,,,A,G,chr19:45923653,chr19:45923653,SNP,synonymous_variant,,.,,
,P16062721479,,,GSTP1,,,exon5,,,A,G,chr11:67352689,chr11:67352689,SNP,missense_variant,,.,,
,P16062721479,,,NQO1,,,exon6,,,G,A,chr16:69745145,chr16:69745145,SNP,missense_variant,,.,,
,P16062721479,,,XRCC1,,,exon10,,,T,C,chr19:44055726,chr19:44055726,SNP,missense_variant,,.,,
,P16062721479,,,TYMS,,,exon7,,,TTAAAG,-,chr18:673444,chr18:673449,SNP,3_prime_UTR_variant,,.,,
,P16062721479,,,CYP2D6,,,exon6,,,-,CCAAA,chr22:42523521,chr22:42523522,Germline,frameshift_variant,,.,,
,P16061720754,,,CYP2D6,,,exon1,,,G,A,chr22:42526694,chr22:42526694,SNP,missense_variant,,.,,
,P16061720754,,,MTHFR,,,exon5,,,G,A,chr1:11856378,chr1:11856378,SNP,missense_variant,,.,,
,P16061720754,,,NQO1,,,exon6,,,G,A,chr16:69745145,chr16:69745145,SNP,missense_variant,,.,,
,P16061720754,,,XRCC1,,,exon10,,,T,C,chr19:44055726,chr19:44055726,SNP,missense_variant,,.,,
,T16061720755,,,CREBBP,,,exon31,,,C,-,chr16:3779810,chr16:3779810,Mutant,frameshift_variant,,0.17,,
